Sex,Age,2022,2023,2024,2025,2026,2027,2028,2029,2030,2031,2032,2033,2034,2035,2036,2037,2038,2039,2040,2041,2042,2043,2044,2045,2046,2047,2048,2049,2050,2051,2052,2053,2054,2055,2056,2057,2058,2059,2060,2061,2062,2063,2064,2065,2066,2067,2068,2069,2070,2071,2072,2073,2074,2075,2076,2077,2078,2079,2080,2081,2082,2083,2084,2085,2086,2087,2088,2089,2090,2091,2092,2093,2094,2095,2096,2097,2098,2099,2100,2101,2102,2103,2104,2105,2106,2107,2108,2109,2110,2111,2112,2113,2114,2115,2116,2117,2118,2119,2120,2121,2122
Females,0 - 4,1746299,1727698,1703212,1671226,1636894,1588074,1546539,1505391,1468880,1439123,1415756,1397535,1384132,1374610,1366913,1360209,1354615,1350075,1346516,1343797,1341683,1339673,1337236,1334075,1329960,1324703,1317954,1309378,1298917,1286537,1272236,1256375,1239390,1221476,1202867,1183792,1164505,1145330,1126562,1108450,1091248,1075187,1060402,1046990,1034969,1024267,1014843,1006635,999476,993236,987766,982880,978413,974205,970071,965864,961445,956701,951545,945912,939758,933063,925830,918083,909876,901272,892348,883182,873873,864514,855203,846034,837094,828460,820200,812358,804973,798064,791643,785694,780196,775117,770411,766033,761927,758031,754284,750637,747030,743411,739740,735976,732100,728081,723915,719602,715142,710548,705837,701036,696168
Females,5 - 9,1911920,1900851,1890668,1873478,1839480,1814660,1776894,1737248,1693724,1651665,1599039,1557534,1516421,1479936,1450208,1426861,1408657,1395271,1385759,1378074,1371376,1365792,1361261,1357711,1354997,1352888,1350881,1348451,1345299,1341193,1335947,1329205,1320635,1310180,1297804,1283511,1267660,1250684,1232780,1214180,1195116,1175838,1156677,1137917,1119815,1102622,1086568,1071786,1058381,1046371,1035676,1026257,1018051,1010896,1004659,999194,994309,989847,985643,981513,977309,972896,968153,963003,957372,951219,944526,937293,929553,921350,912748,903826,894664,885353,875996,866689,857529,848593,839963,831704,823859,816475,809572,803151,797201,791707,786634,781933,777555,773448,769555,765810,762164,758558,754942,751269,747507,743631,739615,735452,731141
Females,10 - 14,2007427,2015061,2014554,2006380,1994187,1969391,1944018,1922497,1896509,1856436,1828468,1790727,1751098,1707594,1665551,1612945,1571458,1530368,1493899,1464184,1440844,1422647,1409271,1399765,1392090,1385399,1379816,1375285,1371743,1369035,1366931,1364929,1362503,1359353,1355250,1350008,1343270,1334701,1324251,1311880,1297595,1281748,1264776,1246877,1228284,1209227,1189958,1170804,1152053,1133953,1116763,1100718,1085941,1072542,1060536,1049841,1040424,1032219,1025064,1018833,1013370,1008485,1004027,999827,995700,991501,987090,982353,977204,971574,965420,958726,951493,943750,935548,926949,918031,908874,899565,890213,880913,871754,862819,854187,845929,838087,830704,823799,817379,811432,805939,800868,796166,791790,787682,783787,780041,776394,772790,769178,765504
Females,15 - 19,1894458,1957124,1998224,2035695,2070172,2093405,2086142,2075458,2060171,2043337,2016231,1990885,1969393,1943433,1903393,1875457,1837747,1798145,1754676,1712662,1660094,1618631,1577563,1541121,1511424,1488108,1469933,1456569,1447072,1439411,1432729,1427159,1422636,1419109,1416406,1414308,1412310,1409892,1406749,1402657,1397421,1390692,1382133,1371695,1359335,1345056,1329218,1312256,1294370,1275786,1256740,1237478,1218336,1199590,1181497,1164317,1148284,1133514,1120127,1108129,1097442,1088034,1079833,1072682,1066453,1060995,1056118,1051668,1047474,1043351,1039155,1034745,1030009,1024863,1019237,1013089,1006397,999170,991433,983239,974648,965730,956574,947272,937923,928626,919468,910535,901913,893658,885818,878436,871533,865116,859172,853682,848613,843913,839535,835426,831535
Females,20 - 24,2008554,2063764,2103588,2132324,2149540,2157960,2167827,2172116,2185735,2206336,2223480,2216260,2205617,2190375,2173587,2146532,2121237,2099793,2073873,2033891,2006005,1968349,1928800,1885383,1843417,1790902,1749486,1708468,1672067,1642410,1619122,1600973,1587636,1578158,1570521,1563865,1558312,1553806,1550288,1547597,1545512,1543530,1541127,1538000,1533917,1528698,1521980,1513441,1503016,1490676,1476415,1460599,1443654,1425787,1407222,1388187,1368939,1349812,1331082,1313003,1295842,1279824,1265073,1251696,1239707,1229031,1219626,1211433,1204291,1198074,1192628,1187758,1183313,1179126,1175012,1170821,1166422,1161695,1156557,1150942,1144802,1138123,1130908,1123184,1114997,1106413,1097504,1088359,1079056,1069715,1060425,1051276,1042351,1033738,1025488,1017650,1010276,1003379,996965,991025,985537
Females,25 - 29,2208304,2258868,2290811,2308330,2308224,2279334,2240479,2205803,2178292,2158647,2149279,2159164,2163481,2177118,2197727,2214888,2207709,2197113,2181922,2165183,2138188,2112952,2091562,2065698,2025787,1997958,1960369,1920879,1877520,1835610,1783166,1741806,1700841,1664493,1634880,1611631,1593522,1580220,1570770,1563156,1556524,1550988,1546502,1543002,1540331,1538265,1536299,1533906,1530795,1526733,1521528,1514826,1506307,1495906,1483587,1469353,1453562,1436637,1418790,1400249,1381233,1362000,1342896,1324188,1306131,1288985,1272983,1258246,1244887,1232911,1222245,1212853,1204674,1197543,1191335,1185898,1181036,1176602,1172423,1168317,1164142,1159753,1155038,1149911,1144306,1138175,1131505,1124299,1116585,1108407,1099832,1090934,1081795,1072501,1063172,1053897,1044759,1035842,1027236,1018994,1011168
Females,30 - 34,2408960,2440112,2469935,2477139,2467734,2461197,2446558,2426433,2403355,2375132,2331640,2292883,2258302,2230875,2211308,2201998,2211920,2216275,2229935,2250559,2267739,2260616,2250076,2234953,2218288,2191379,2166215,2144890,2119101,2079275,2051520,2014018,1974616,1931343,1889517,1837162,1795881,1754994,1718711,1689159,1665965,1647902,1634641,1625224,1617639,1611040,1605538,1601084,1597607,1594957,1592909,1590973,1588610,1585523,1581483,1576301,1569624,1561135,1550759,1538469,1524263,1508505,1491608,1473792,1455275,1436290,1417085,1398007,1379323,1361294,1344172,1328196,1313483,1300148,1288189,1277545,1268171,1260007,1252887,1246692,1241271,1236425,1232001,1227835,1223744,1219581,1215207,1210501,1205387,1199797,1193678,1187021,1179828,1172124,1163958,1155398,1146509,1137385,1128106,1118785,1109519
Females,35 - 39,2338857,2405637,2462080,2503406,2539899,2560786,2551505,2548709,2530235,2502878,2486935,2472406,2452400,2429430,2401327,2357996,2319392,2284970,2257690,2238238,2229021,2239003,2243422,2257123,2277771,2294985,2287944,2277494,2262465,2245902,2219113,2194060,2172833,2147152,2107460,2079818,2042436,2003157,1960006,1918297,1866084,1824916,1784140,1747963,1718498,1695381,1677386,1664184,1654818,1647280,1640720,1635260,1630847,1627412,1624804,1622794,1620891,1618559,1615506,1611502,1606360,1599718,1591267,1580930,1568690,1554524,1538806,1521954,1504186,1485709,1466768,1447610,1428575,1409932,1391939,1374855,1358917,1344233,1330932,1319004,1308387,1299038,1290896,1283800,1277626,1272224,1267397,1262996,1258848,1254775,1250627,1246271,1241584,1236489,1230915,1224814,1218175,1210995,1203306,1195162,1186620
Females,40 - 44,2218367,2287110,2322342,2351034,2379493,2417256,2460323,2497692,2524054,2550052,2565471,2556393,2553759,2535495,2508387,2492652,2478301,2458488,2435702,2407793,2364732,2326369,2292192,2265130,2245863,2236799,2246876,2251401,2265167,2285857,2303120,2296202,2285878,2270989,2254581,2227972,2203082,2182006,2156488,2116993,2089511,2052306,2013206,1970245,1928717,1876701,1835702,1795090,1759064,1729724,1706721,1688826,1675708,1666418,1658948,1652459,1647064,1642717,1639341,1636785,1634828,1632979,1630698,1627701,1623747,1618659,1612077,1603683,1593407,1581229,1567124,1551471,1534684,1516978,1498569,1479696,1460603,1441628,1423049,1405117,1388083,1372200,1357568,1344312,1332427,1321853,1312540,1304436,1297375,1291235,1285863,1281069,1276698,1272578,1268528,1264407,1260076,1255421,1250355,1244806,1238725
Females,45 - 49,2083316,2061202,2086032,2135640,2192817,2253131,2307336,2331084,2350859,2373129,2407626,2450687,2488070,2514542,2540641,2556204,2547420,2545028,2527087,2500354,2484929,2470855,2451348,2428844,2401245,2358587,2320597,2286792,2260062,2241070,2232237,2242455,2247134,2260997,2281754,2299090,2292356,2282215,2267535,2251345,2225004,2200361,2179501,2154218,2115012,2087772,2050828,2011992,1969303,1928031,1876315,1835562,1795194,1759384,1730241,1707410,1689663,1676670,1667493,1660128,1653740,1648442,1644184,1640889,1638419,1636543,1634768,1632564,1629641,1625762,1620763,1614264,1605957,1595769,1583682,1569672,1554113,1537421,1519813,1501507,1482732,1463728,1444843,1426354,1408507,1391556,1375752,1361195,1348010,1336189,1325676,1316417,1308369,1301357,1295268,1289946,1285194,1280864,1276787,1272777,1268699
Females,50 - 54,2341991,2308904,2258063,2211918,2146114,2089954,2059285,2076890,2120627,2173538,2231352,2285164,2308900,2328799,2351211,2385746,2428785,2466170,2492770,2518986,2534750,2526379,2524330,2506859,2480665,2465707,2452055,2432995,2410919,2383776,2341710,2304271,2271005,2244757,2226167,2217662,2228084,2232983,2246976,2267821,2285265,2278802,2268928,2254551,2238687,2212731,2188441,2167902,2142961,2104177,2077282,2040713,2002262,1959973,1919077,1867794,1827406,1787395,1751910,1723055,1700464,1682933,1670128,1661121,1653904,1647662,1642501,1638371,1635201,1632851,1631083,1629424,1627337,1624522,1620761,1615880,1609502,1601320,1591262,1579307,1565435,1550018,1533475,1516007,1497842,1479209,1460338,1441587,1423227,1405507,1388675,1372990,1358541,1345457,1333730,1323308,1314136,1306166,1299224,1293207,1287957
Females,55 - 59,2353167,2363717,2363368,2346134,2342730,2319910,2281172,2226245,2177151,2110073,2053806,2024056,2041886,2085459,2137996,2195270,2248608,2272394,2292506,2315120,2349690,2392667,2430019,2456766,2483116,2499137,2491332,2489755,2472940,2447515,2433213,2420148,2401731,2380272,2353785,2312565,2275905,2243403,2217827,2199795,2191738,2202438,2207641,2221828,2242799,2260392,2254308,2244822,2230878,2215472,2190056,2166268,2146174,2121710,2083527,2057129,2021095,1983193,1941471,1901106,1850446,1810570,1771068,1736045,1707588,1685346,1668121,1655589,1646808,1639808,1633766,1628801,1624857,1621865,1619688,1618077,1616575,1614642,1611985,1608388,1603677,1597475,1589467,1579591,1567826,1554150,1538940,1522596,1505332,1487372,1468936,1450262,1431703,1413532,1395994,1379336,1363812,1349519,1336578,1324992,1314694
Females,60 - 64,2076554,2136039,2196037,2251951,2288601,2308013,2314213,2310536,2291195,2286308,2263385,2225963,2172767,2125316,2060428,2006084,1977689,1995885,2039292,2091379,2147970,2200708,2224605,2245033,2267924,2302520,2345384,2382664,2409577,2436091,2452452,2445424,2444495,2428581,2404215,2390811,2378561,2361034,2340431,2314852,2274808,2239228,2207779,2183119,2165858,2158420,2169494,2175112,2189561,2210698,2228491,2222928,2213967,2200621,2185851,2161179,2138086,2118615,2094822,2057463,2031747,1996463,1959320,1918384,1878767,1828972,1789813,1751010,1716634,1688741,1666988,1650190,1638026,1629563,1622856,1617107,1612412,1608722,1605975,1604022,1602638,1601357,1599649,1597217,1593844,1589364,1583398,1575632,1566010,1554513,1541112,1526181,1510123,1493139,1475461,1457308,1438910,1420622,1402714,1385427,1369005
Females,65 - 69,1759130,1796599,1839245,1892079,1948717,2008322,2064172,2120712,2173667,2208498,2227265,2233947,2231148,2213211,2209323,2187957,2152555,2101920,2056847,1995049,1943399,1916891,1935622,1978833,2030349,2086060,2138018,2162072,2182916,2206161,2240766,2283444,2320601,2347721,2374432,2391239,2385245,2385184,2370482,2347545,2335347,2324186,2307853,2288409,2264059,2225604,2191491,2161459,2138043,2121816,2115215,2126788,2132961,2147760,2169102,2187156,2182298,2174052,2161509,2147596,2123939,2101792,2083171,2060281,2024052,1999267,1964999,1928899,1889039,1850437,1801822,1763645,1725803,1692305,1665177,1644094,1627874,1616212,1608196,1601896,1596528,1592198,1588857,1586446,1584811,1583728,1582745,1581339,1579209,1576142,1571976,1566335,1558910,1549642,1538501,1525476,1510929,1495260,1478662,1461370,1443603
Females,70 - 74,1673464,1634460,1622085,1617116,1630683,1659860,1695518,1736102,1786535,1841035,1898800,1953448,2008640,2060265,2094590,2113656,2121253,2119940,2104217,2101969,2082959,2050514,2003531,1961828,1904359,1856468,1832588,1852079,1895026,1945741,2000179,2050986,2075211,2096599,2120304,2154877,2197250,2234179,2261544,2288488,2305864,2301283,2302387,2289328,2268342,2257804,2248131,2233449,2215602,2192944,2156699,2124619,2096561,2074862,2060069,2054615,2066865,2073803,2089070,2110682,2129077,2125181,2117913,2106479,2093758,2071516,2050679,2033227,2011600,1976943,1953471,1920630,1885982,1847618,1810436,1763479,1726684,1690201,1657941,1631889,1611739,1596338,1585386,1577983,1572252,1567429,1563615,1560765,1558814,1557625,1556968,1556406,1555418,1553706,1551074,1547352,1542167,1535214,1526443,1515816,1503316
Females,75 - 79,1454495,1520436,1551763,1574532,1584029,1515622,1482208,1472157,1468846,1482735,1511191,1546141,1585704,1634123,1686448,1741913,1794564,1847635,1897238,1930806,1950357,1959373,1960315,1947887,1948086,1932498,1904274,1862483,1825517,1774176,1731576,1711381,1731876,1774373,1823835,1876330,1925353,1949710,1971792,1996064,2030493,2072340,2108842,2136464,2163647,2181763,2179128,2181832,2171078,2152862,2144678,2137105,2124774,2109194,2088929,2055858,2026705,2001483,1982231,1969485,1965665,1978861,1986875,2002786,2024741,2043585,2041065,2035184,2025325,2014321,1994130,1975187,1959426,1939619,1907251,1885672,1854900,1822368,1786200,1751095,1706586,1671810,1637309,1606859,1582388,1563614,1549414,1539500,1532998,1528101,1524066,1520999,1518861,1517590,1517048,1517014,1517059,1516681,1515588,1513582,1510504
Females,80 - 84,961518,987149,1025906,1064196,1114540,1221697,1281784,1310614,1330800,1338867,1284495,1259398,1253793,1253703,1268494,1295912,1329355,1366874,1411717,1460206,1511667,1560801,1610259,1656491,1688621,1708632,1719509,1723559,1715760,1719328,1708503,1686194,1651750,1621482,1579002,1544041,1529123,1550935,1592578,1639955,1689246,1735266,1759546,1782480,1807399,1841384,1882217,1917803,1945579,1972891,1991901,1992013,1996932,1989482,1975287,1970538,1965998,1957116,1944844,1928070,1899730,1874945,1853978,1838374,1828653,1827227,1841773,1851354,1868155,1890519,1909926,1909421,1905550,1898017,1889595,1872511,1856424,1843184,1826122,1797252,1778560,1750934,1721638,1688841,1656911,1616192,1584521,1553088,1525439,1503416,1486762,1474420,1466100,1460980,1457352,1454529,1452615,1451568,1451338,1451780,1452700
Females,85 - 89,638445,651555,665804,674079,671721,682453,707088,740814,773194,812800,898348,946904,970682,986447,992419,956924,942830,942889,946717,961980,986968,1017094,1050406,1088878,1130580,1175004,1217826,1260912,1301234,1330373,1350201,1362949,1370688,1368842,1376517,1371944,1357694,1333529,1312660,1282772,1258606,1250964,1274030,1313592,1357024,1400790,1441668,1465268,1488876,1514125,1546769,1585382,1618963,1646367,1673320,1693181,1697043,1704930,1702174,1693824,1694002,1693804,1689926,1682504,1670920,1649745,1631574,1617027,1606864,1601623,1603687,1620045,1631801,1649700,1672389,1692395,1694848,1693952,1689931,1685439,1673152,1661453,1652097,1639290,1615919,1601753,1579105,1554937,1527506,1500636,1466000,1439304,1412803,1389655,1371554,1358292,1348907,1343122,1340184,1338568,1337657
Females,90 - 94,308293,307735,310157,315884,324033,333967,345505,355925,362646,362898,372030,390462,414351,436279,460835,516426,547975,563454,572917,576286,560913,557856,562747,569390,583085,602809,626257,651697,679810,710453,743349,775505,807867,838183,861162,878450,891351,901545,905268,915978,917613,912200,900006,890045,875245,863912,864281,886899,921330,957242,991554,1023539,1044429,1067058,1090865,1119725,1153240,1182156,1207224,1231882,1251273,1258993,1269597,1272216,1270994,1276933,1281737,1283953,1282504,1277448,1265880,1256559,1250611,1247608,1248100,1254401,1272378,1286415,1304925,1326992,1346803,1352872,1355631,1356135,1356924,1351409,1345857,1341830,1335003,1319746,1312153,1296837,1280308,1260968,1241700,1216537,1197457,1178585,1162391,1150321,1142236
Females,95 - 99,87963,84959,84518,85616,87066,88923,90942,93426,97180,101559,106299,111290,115618,118613,119218,124020,132867,143618,152809,162294,186123,198948,204837,208149,209480,207005,209084,213887,218949,226926,237401,249716,262790,276609,291908,308556,325031,341622,357161,369450,379611,388109,395952,400772,409515,413259,413376,410424,408815,406110,404677,409284,425699,447959,469458,488399,506184,519668,535857,552528,571515,593282,611614,628700,645580,659674,667659,677318,682658,686407,695120,702169,708052,710779,711197,709118,708396,710379,713436,718178,726563,742545,755614,770880,788022,803725,811368,816223,820300,825680,827062,827710,828922,828549,823189,823071,816849,810076,801449,792427,780555
Females,100 - 104,12839,12067,11421,10761,10337,10108,10034,10219,10636,11078,11551,12033,12602,13414,14296,15206,16117,16894,17464,17641,18759,20658,22809,24503,26198,31085,33376,34278,34819,35190,35444,36525,38031,39469,41535,44129,47151,50293,53524,57197,61260,65300,69383,73219,76346,79151,81701,84290,86138,89209,90792,91455,91486,92066,92708,93527,96049,101934,109174,115556,120728,125798,130233,136085,141935,148328,155657,161603,167569,173547,178764,182250,186442,189382,192106,196846,200570,204075,206163,207560,208797,210554,213533,216491,219864,224616,232294,238520,245290,252651,259536,263706,266628,269807,274150,276891,278981,281206,283049,283249,285749
Females,105 and over,614,511,467,549,556,526,486,453,425,409,406,407,423,452,482,511,541,577,628,682,737,793,839,873,887,969,1094,1229,1328,1430,1760,1886,1929,1964,2005,2063,2168,2293,2407,2569,2771,3004,3245,3494,3782,4099,4419,4744,5057,5309,5557,5792,6052,6240,6558,6719,6811,6871,6999,7148,7302,7619,8266,9002,9593,10054,10545,11024,11697,12338,13025,13828,14448,15121,15815,16432,16869,17425,17842,18277,18985,19514,20038,20369,20653,20995,21405,21984,22501,23064,23825,24992,25878,26825,27871,28861,29504,29988,30609,31474,32055
Males,0 - 4,1831245,1814305,1789113,1757322,1721624,1670168,1625994,1582449,1543946,1512655,1488123,1469007,1454950,1444966,1436897,1429870,1424010,1419247,1415515,1412668,1410452,1408349,1405804,1402492,1398179,1392671,1385591,1376590,1365611,1352611,1337600,1320956,1303137,1284339,1264807,1244782,1224535,1204410,1184713,1165705,1147649,1130791,1115270,1101192,1088576,1077344,1067453,1058834,1051320,1044778,1039033,1033902,1029216,1024804,1020469,1016053,1011418,1006440,1001022,995108,988649,981618,974031,965908,957294,948266,938895,929272,919499,909675,899900,890276,880889,871824,863154,854921,847171,839923,833180,826935,821163,815833,810895,806305,801993,797903,793973,790143,786353,782551,778700,774752,770677,766463,762091,757558,752877,748056,743113,738074,732963
Males,5 - 9,2004761,1993774,1985551,1967865,1931967,1907122,1868529,1826240,1781454,1737060,1681342,1637210,1593695,1555218,1523952,1499442,1480348,1466310,1456342,1448287,1441272,1435421,1430663,1426943,1424103,1421900,1419803,1417266,1413961,1409656,1404161,1397087,1388093,1377118,1364129,1349128,1332494,1314685,1295899,1276372,1256355,1236115,1216001,1196315,1177316,1159271,1142416,1126899,1112827,1100221,1088998,1079116,1070501,1062990,1056448,1050711,1045586,1040906,1036494,1032161,1027746,1023115,1018141,1012731,1006828,1000373,993349,985762,977644,969030,960002,950635,941016,931243,921422,911655,902034,892652,883593,874924,866694,858941,851697,844957,838713,832946,827618,822684,818093,813786,809699,805768,801939,798150,794348,790496,786550,782475,778258,773886,769360
Males,10 - 14,2105749,2115489,2114688,2106724,2094065,2067920,2040555,2019360,1991612,1948761,1920317,1881751,1839491,1794736,1750366,1694675,1650560,1607063,1568608,1537356,1512859,1493775,1479752,1469790,1461741,1454733,1448889,1444139,1440424,1437592,1435390,1433293,1430759,1427462,1423164,1417671,1410601,1401612,1390644,1377660,1362665,1346040,1328236,1309453,1289928,1269918,1249685,1229576,1209897,1190900,1172857,1156015,1140507,1126445,1113844,1102623,1092747,1084132,1076626,1070088,1064350,1059227,1054548,1050139,1045808,1041399,1036772,1031805,1026394,1020495,1014041,1007016,999430,991315,982702,973674,964306,954689,944924,935107,925344,915725,906349,897289,888622,880389,872639,865394,858653,852415,846650,841323,836391,831799,827493,823405,819470,815639,811850,808051,804202
Males,15 - 19,2008676,2072312,2112483,2146668,2181546,2203512,2196037,2183445,2167267,2149291,2120519,2093214,2072074,2044382,2001595,1973202,1934687,1892478,1847770,1803446,1747807,1703733,1660277,1621857,1590641,1566171,1547116,1533115,1523171,1515140,1508150,1502323,1497590,1493888,1491068,1488876,1486787,1484263,1480973,1476689,1471211,1464154,1455178,1444222,1431253,1416273,1399661,1381871,1363104,1343595,1323602,1303387,1283294,1263628,1244649,1226623,1209790,1194294,1180237,1167642,1156432,1146562,1137960,1130465,1123934,1118203,1113084,1108408,1104009,1099687,1095285,1090665,1085702,1080298,1074405,1067953,1060933,1053351,1045241,1036634,1027616,1018255,1008642,998883,989073,979318,969706,960332,951277,942613,934383,926639,919400,912665,906431,900672,895345,890417,885830,881528,877441
Males,20 - 24,2060135,2136154,2193782,2239607,2272151,2291360,2299760,2300418,2308293,2327617,2342733,2335351,2322856,2306794,2288948,2260326,2233159,2212138,2184562,2141929,2113653,2075259,2033171,1988587,1944379,1888875,1844906,1801563,1763246,1732113,1707720,1688735,1674789,1664896,1656908,1649961,1644178,1639479,1635817,1633028,1630868,1628812,1626323,1623066,1618809,1613363,1606340,1597401,1586489,1573559,1558621,1542046,1524296,1505572,1486106,1466154,1445980,1425929,1406308,1387367,1369373,1352571,1337108,1323083,1310520,1299341,1289499,1280912,1273435,1266924,1261205,1256103,1251451,1247070,1242763,1238382,1233782,1228836,1223449,1217570,1211137,1204132,1196567,1188475,1179883,1170878,1161537,1151943,1142198,1132404,1122664,1113068,1103704,1094663,1086009,1077793,1070062,1062834,1056114,1049891,1044145
Males,25 - 29,2153201,2221588,2274286,2310063,2322969,2311767,2298358,2285689,2278603,2276384,2278714,2287146,2287864,2295790,2315135,2330286,2323013,2310638,2294711,2277003,2248549,2221539,2200654,2173230,2130782,2102652,2064416,2022492,1978070,1934020,1878698,1834881,1791679,1753493,1722482,1698191,1679291,1665425,1655597,1647670,1640783,1635052,1630407,1626794,1624053,1621935,1619926,1617481,1614268,1610065,1604664,1597690,1588801,1577935,1565054,1550169,1533653,1515965,1497301,1477892,1458003,1437889,1417890,1398319,1379430,1361482,1344725,1329304,1315319,1302795,1291657,1281844,1273289,1265842,1259364,1253674,1248598,1243970,1239614,1235330,1230975,1226404,1221480,1216112,1210256,1203843,1196856,1189314,1181242,1172678,1163698,1154379,1144815,1135092,1125320,1115597,1106019,1096673,1087651,1079017,1070817
Males,30 - 34,2265406,2312781,2355744,2378329,2384768,2393383,2393831,2392876,2387261,2371802,2346018,2332695,2320121,2313125,2310976,2313366,2321860,2322663,2330652,2350029,2365236,2358087,2345847,2330070,2312525,2284262,2257436,2236703,2209447,2167205,2139250,2101197,2059468,2015241,1971381,1916271,1872634,1829608,1791584,1760710,1736535,1717738,1703959,1694209,1686361,1679546,1673882,1669301,1665750,1663064,1661003,1659043,1656647,1653489,1649339,1643992,1637074,1628245,1617441,1604628,1589813,1573368,1555745,1537151,1517814,1497989,1477939,1458008,1438505,1419678,1401790,1385091,1369723,1355778,1343299,1332199,1322430,1313913,1306494,1300051,1294394,1289348,1284750,1280428,1276173,1271847,1267306,1262409,1257068,1251239,1244853,1237897,1230379,1222341,1213802,1204851,1195561,1186023,1176323,1166575,1156877
Males,35 - 39,2190690,2255539,2312342,2354891,2395292,2423737,2422988,2427579,2420363,2406268,2404271,2404862,2404035,2398540,2383227,2357647,2344476,2332074,2325229,2323205,2325702,2334302,2335234,2343319,2362754,2378028,2371036,2358970,2343377,2326024,2297982,2271371,2250831,2223783,2181801,2154051,2116221,2074728,2030743,1987106,1932262,1888845,1846035,1808201,1777488,1753457,1734788,1721125,1711473,1703712,1696981,1691404,1686898,1683424,1680809,1678814,1676921,1674587,1671491,1667404,1662123,1655279,1646530,1635804,1623074,1608341,1591984,1574445,1555930,1536673,1516929,1496967,1477115,1457698,1438944,1421121,1404489,1389187,1375303,1362873,1351829,1342110,1333636,1326265,1319871,1314250,1309238,1304676,1300388,1296164,1291871,1287365,1282504,1277197,1271402,1265050,1258133,1250653,1242649,1234141,1225221
Males,40 - 44,2111080,2169480,2195534,2217255,2241362,2268060,2302409,2334762,2358174,2385189,2406688,2406254,2411122,2404238,2390502,2388771,2389573,2388953,2383656,2368585,2343317,2330385,2318251,2311638,2309802,2312471,2321225,2322334,2330551,2350066,2365436,2358650,2346800,2331435,2314334,2286586,2260254,2239951,2213169,2171521,2144024,2106481,2065290,2021601,1978261,1923762,1880628,1838093,1800501,1770001,1746156,1727647,1714126,1704596,1696953,1690335,1684861,1680455,1677074,1674550,1672641,1670827,1668582,1665574,1661572,1656379,1649625,1640972,1630344,1617714,1603091,1586839,1569413,1551000,1531854,1512225,1492367,1472611,1453290,1434634,1416903,1400359,1385141,1371341,1358982,1348011,1338355,1329943,1322632,1316285,1310713,1305747,1301232,1296992,1292809,1288559,1284092,1279273,1274010,1268260,1261955
Males,45 - 49,2017306,1992173,2011527,2051374,2094658,2141156,2181020,2192570,2203036,2219351,2242020,2276469,2308915,2332518,2359686,2381377,2381340,2386536,2380063,2366797,2365422,2366519,2366192,2361179,2346458,2321638,2309060,2297305,2291023,2289448,2292338,2301293,2302643,2311042,2330661,2346156,2339637,2328066,2313006,2296235,2268881,2242911,2222924,2196488,2155271,2128120,2090960,2050170,2006885,1963933,1909884,1867122,1824945,1787686,1757469,1733873,1715579,1702247,1692881,1685389,1678916,1673583,1669310,1666055,1663645,1661850,1660150,1658016,1655118,1651232,1646155,1639516,1630992,1620498,1608001,1593521,1577407,1560129,1541865,1522866,1503377,1483653,1464035,1444844,1426316,1408703,1392278,1377170,1363471,1351215,1340332,1330764,1322430,1315188,1308912,1303413,1298513,1294062,1289882,1285761,1281565
Males,50 - 54,2255422,2225218,2177357,2134394,2073298,2017394,1982114,1992883,2025807,2064136,2107831,2147522,2159412,2170325,2187016,2209950,2244498,2277031,2300856,2328195,2350094,2350534,2356129,2350179,2337527,2336621,2338109,2338190,2333585,2319359,2295180,2283110,2271885,2266059,2264844,2268045,2277286,2278976,2287632,2307386,2323050,2316907,2305734,2291102,2274805,2247994,2222531,2202980,2177037,2136429,2109771,2073145,2032916,1990193,1947784,1894364,1852129,1810468,1773672,1743863,1720612,1702628,1689564,1680430,1673155,1666890,1661750,1657664,1654583,1652346,1650715,1649175,1647190,1644445,1640717,1635802,1629336,1620989,1610680,1598375,1584086,1568181,1551110,1533051,1514247,1494960,1475432,1456009,1437008,1418661,1401215,1384954,1369995,1356444,1344325,1333571,1324123,1315907,1308772,1302599,1297197
Males,55 - 59,2263503,2270394,2268346,2249126,2242522,2217349,2180479,2127936,2081729,2019622,1964292,1930911,1942552,1975811,2014161,2057556,2096971,2109299,2120803,2137951,2161165,2195765,2228324,2252391,2279885,2302006,2303067,2309169,2303922,2292132,2291894,2293941,2294616,2290600,2277097,2253838,2242505,2232056,2226890,2226195,2229836,2239484,2241667,2250693,2270645,2286550,2280950,2270343,2256335,2240720,2214701,2189981,2171070,2145835,2106119,2080182,2044330,2004914,1963014,1921391,1868903,1827443,1786535,1750424,1721210,1698479,1680947,1668269,1659474,1652514,1646545,1641693,1637878,1635055,1633061,1631665,1630349,1628592,1626082,1622592,1617918,1611699,1603609,1593568,1581545,1567546,1551933,1535160,1517400,1498894,1479907,1460668,1441527,1422802,1404720,1387526,1371507,1356783,1343445,1331522,1320960
Males,60 - 64,2001132,2052246,2102671,2148067,2174372,2190143,2191753,2185662,2164118,2155961,2131152,2096342,2046536,2002932,1944246,1892122,1861234,1873892,1907415,1945636,1988509,2027454,2040328,2052570,2070258,2093760,2128327,2160841,2185183,2212846,2235237,2237154,2243969,2239729,2229165,2229888,2232735,2234254,2231085,2218613,2196699,2186432,2177096,2172864,2172907,2177180,2187406,2190295,2199841,2220067,2236321,2231503,2221715,2208604,2193981,2169127,2145483,2127500,2103292,2064876,2039977,2005263,1967043,1926346,1885881,1834754,1794418,1754617,1719509,1691168,1669195,1652319,1640214,1631910,1625408,1619875,1615439,1612017,1609561,1607923,1606871,1605893,1604466,1602295,1599147,1594826,1588976,1581264,1571612,1559994,1546418,1531243,1514909,1497587,1479516,1460968,1442155,1423429,1405117,1387427,1370609
Males,65 - 69,1660642,1696881,1738972,1790387,1842703,1895714,1942191,1987991,2029445,2053411,2068166,2070372,2065472,2046062,2039513,2017246,1985470,1939529,1899507,1845379,1797435,1769683,1783447,1817075,1854952,1897008,1935240,1948775,1961926,1980257,2004078,2038533,2070932,2095593,2123441,2146157,2149229,2157002,2154124,2145222,2147216,2151137,2153797,2151791,2140756,2120686,2111886,2104053,2101083,2102127,2107256,2118252,2122096,2132349,2152943,2169653,2165907,2157257,2145388,2132126,2108870,2086717,2070023,2047248,2010643,1987187,1954063,1917515,1878497,1839647,1790415,1751658,1713394,1679687,1652570,1631653,1615699,1604389,1596774,1590912,1585985,1582121,1579245,1577312,1576167,1575589,1575078,1574117,1572415,1569750,1565921,1560580,1553394,1544292,1533254,1520274,1505708,1489994,1473288,1455835,1437898
Males,70 - 74,1522243,1487750,1475590,1473093,1487897,1517074,1551523,1590935,1638879,1687990,1738012,1782429,1826091,1865633,1889027,1904056,1907566,1904715,1888551,1884458,1865796,1838198,1797447,1762123,1713935,1671357,1647560,1662569,1696143,1733401,1774228,1811392,1825708,1839991,1859080,1883232,1917430,1949575,1974577,2002585,2025669,2030216,2039193,2038088,2031369,2035026,2040336,2044492,2044026,2034899,2017301,2010444,2004608,2003299,2005652,2011893,2023878,2028983,2040158,2061192,2078480,2076170,2069046,2058845,2047408,2026321,2006199,1991248,1970417,1936278,1914789,1883829,1849560,1812843,1776215,1729595,1692998,1656856,1625076,1599633,1580160,1565470,1555246,1548578,1543586,1539489,1536410,1534284,1533059,1532593,1532663,1532784,1532455,1531394,1529386,1526236,1521598,1515140,1506799,1496549,1484402
Males,75 - 79,1267270,1325621,1352140,1369644,1375651,1313461,1285503,1276118,1275375,1290313,1318144,1351273,1388669,1433189,1478846,1525305,1566904,1607777,1644939,1667848,1683563,1689143,1689314,1677664,1676923,1663069,1640975,1607021,1577797,1537359,1501770,1483059,1499525,1532798,1569003,1607952,1643458,1658631,1674249,1694186,1718595,1752257,1783859,1809134,1837181,1860577,1866969,1877436,1878602,1874728,1880530,1887622,1893709,1895242,1888620,1874320,1870047,1866868,1867741,1871793,1879458,1892711,1899475,1911847,1933400,1951384,1950976,1945884,1937927,1928975,1910856,1893499,1880923,1862739,1832002,1813225,1785261,1754152,1720629,1687080,1644114,1610533,1577346,1548254,1525148,1507694,1494765,1486054,1480692,1476905,1473957,1471972,1470877,1470632,1471095,1472056,1473052,1473601,1473434,1472335,1470123
Males,80 - 84,755084,779033,816490,851455,896567,990089,1041247,1064539,1078489,1082325,1035923,1016466,1011717,1013828,1028968,1054552,1084981,1118764,1157916,1198292,1239471,1276909,1313773,1347561,1369671,1386157,1394304,1398243,1392286,1395609,1387741,1372562,1347292,1325834,1295450,1268924,1256724,1274752,1307176,1341489,1377381,1410118,1426037,1443104,1463799,1488151,1520653,1551080,1576338,1604038,1627471,1636078,1648269,1652282,1652097,1660611,1669886,1678402,1682470,1679107,1669237,1668391,1668773,1672504,1678723,1688186,1703026,1711948,1725806,1747860,1766615,1768740,1766359,1761445,1755924,1741943,1728432,1719129,1704642,1678731,1663771,1640037,1613421,1584456,1555300,1517610,1488354,1459437,1434230,1414489,1399936,1389525,1382974,1379470,1377395,1376075,1375625,1375992,1377129,1378910,1381138
Males,85 - 89,434092,446811,460038,467695,467065,476838,497573,526780,553629,586038,654474,692135,709479,718636,720509,693227,683969,684480,689419,703714,725226,750732,778476,809601,842077,875406,906397,937029,965418,985397,1001662,1011872,1019353,1019453,1026724,1025379,1018081,1003119,990900,972695,957123,952504,971450,1001516,1032172,1063030,1091235,1107287,1125311,1146047,1169369,1199329,1227257,1251565,1277888,1300532,1311387,1325176,1332404,1336592,1348112,1359728,1370941,1377932,1378597,1374400,1377822,1382628,1389794,1398526,1409995,1426517,1437972,1453429,1475669,1495019,1500331,1501446,1500537,1499590,1491245,1482968,1478096,1468694,1449557,1439900,1422133,1401893,1379437,1356579,1326516,1303500,1280747,1261143,1246256,1235855,1229038,1225538,1224642,1224961,1225917
Males,90 - 94,164630,167880,172310,178744,185560,193362,201948,209415,214035,214308,220816,233742,251169,266642,284014,322608,343471,352973,357353,358242,348335,347558,351542,357456,368593,383529,401149,419881,440161,461686,483968,505239,526374,546228,561287,574608,584472,593144,597380,606331,609798,609189,603856,600186,593720,588630,590544,607945,632510,656418,679271,700209,714415,731273,749771,769644,794215,816949,837906,860341,879947,891682,905536,914977,922848,936250,949035,961876,970998,975346,976997,984412,993405,1003528,1014077,1026686,1043850,1057228,1073348,1094307,1112977,1121301,1125915,1129253,1133384,1131735,1129660,1129876,1126551,1116054,1112945,1102778,1090802,1076875,1062285,1042586,1027924,1013506,1001456,993047,988141
Males,95 - 99,32576,32594,33641,35277,37148,39082,40852,42641,45115,47625,50337,53132,55461,56965,57149,59794,64742,71058,76309,81838,95448,102268,105146,106297,106781,105683,107450,110526,113963,119291,125875,133628,141668,150104,159283,168910,178320,187731,196693,203887,210743,216350,221832,225531,231541,235101,236735,236493,237126,237286,237868,241628,252630,266685,279452,290833,301376,309924,320861,332352,344172,358471,371475,384251,397868,409835,418157,427776,435389,442811,453475,463124,473196,480641,485474,489891,497776,507074,516225,524852,534818,548305,559587,572130,587147,600773,608818,614221,619445,626301,629608,632101,635661,637250,635166,637658,634961,631510,626745,621280,613652
Males,100 - 104,2912,2853,2820,2808,2844,2924,3026,3196,3435,3696,3964,4206,4459,4813,5164,5534,5906,6211,6418,6464,6926,7727,8687,9426,10202,12346,13272,13621,13787,13966,14129,14707,15432,16166,17238,18508,19999,21513,23085,24849,26724,28590,30476,32302,33823,35377,36728,38142,39205,40854,41943,42615,42962,43595,44269,44987,46452,49636,53383,56531,59190,61776,64204,67510,70841,74170,78211,81816,85559,89578,93108,95777,98962,101695,104586,108513,111905,115572,118297,120343,122689,126219,130271,133942,137243,141143,146522,151081,155930,161523,166664,170139,172676,175548,179489,182072,184185,186660,188589,189548,192230
Males,105 and over,71,61,65,84,91,90,86,84,85,87,90,94,101,113,126,139,149,161,177,191,207,224,234,245,252,278,319,367,400,437,548,587,601,613,630,650,693,739,789,855,933,1021,1114,1210,1320,1439,1555,1678,1798,1901,2013,2116,2225,2311,2446,2536,2597,2640,2716,2798,2882,3021,3302,3611,3853,4056,4272,4491,4799,5098,5389,5758,6080,6427,6810,7141,7401,7732,8027,8353,8790,9150,9552,9852,10100,10416,10866,11364,11787,12171,12647,13319,13865,14449,15123,15744,16182,16525,16966,17579,17986